<?xml version="1.0" encoding="UTF-8"?>
<feed xmlns="http://www.w3.org/2005/Atom" xml:lang="en">
    <title>boring</title>
    <subtitle>A boring theme for Zola</subtitle>
    <link rel="self" type="application/atom+xml" href="https://pythontorust.netlify.app/atom.xml"/>
    <link rel="alternate" type="text/html" href="https://pythontorust.netlify.app/"/>
    <generator uri="https://www.getzola.org/">Zola</generator>
    <updated>2024-09-21T00:00:00+00:00</updated>
    <id>https://pythontorust.netlify.app/atom.xml</id>
    <entry xml:lang="en">
        <title>Adding a confirm subscription mail</title>
        <published>2024-09-21T00:00:00+00:00</published>
        <updated>2024-09-21T00:00:00+00:00</updated>
        
        <author>
          <name>
            
              Unknown
            
          </name>
        </author>
        
        <link rel="alternate" type="text/html" href="https://pythontorust.netlify.app/blog/setup/mail-confirmation/"/>
        <id>https://pythontorust.netlify.app/blog/setup/mail-confirmation/</id>
        
        <content type="html" xml:base="https://pythontorust.netlify.app/blog/setup/mail-confirmation/"></content>
        
    </entry>
    <entry xml:lang="en">
        <title>Adding a subscribe to mail list form</title>
        <published>2024-09-20T00:00:00+00:00</published>
        <updated>2024-09-20T00:00:00+00:00</updated>
        
        <author>
          <name>
            
              Unknown
            
          </name>
        </author>
        
        <link rel="alternate" type="text/html" href="https://pythontorust.netlify.app/blog/setup/email-form/"/>
        <id>https://pythontorust.netlify.app/blog/setup/email-form/</id>
        
        <content type="html" xml:base="https://pythontorust.netlify.app/blog/setup/email-form/"></content>
        
    </entry>
    <entry xml:lang="en">
        <title>Headless CMS decap CMS</title>
        <published>2024-09-19T00:00:00+00:00</published>
        <updated>2024-09-19T00:00:00+00:00</updated>
        
        <author>
          <name>
            
              Unknown
            
          </name>
        </author>
        
        <link rel="alternate" type="text/html" href="https://pythontorust.netlify.app/blog/setup/headless-cms/"/>
        <id>https://pythontorust.netlify.app/blog/setup/headless-cms/</id>
        
        <content type="html" xml:base="https://pythontorust.netlify.app/blog/setup/headless-cms/">&lt;h1 id=&quot;headless-cms&quot;&gt;Headless CMS&lt;&#x2F;h1&gt;
&lt;h2 id=&quot;what-is-a-headless-cms&quot;&gt;What is a headless CMS?&lt;&#x2F;h2&gt;
&lt;h2 id=&quot;how-to-configure-it&quot;&gt;How  to configure it&lt;&#x2F;h2&gt;
&lt;h2 id=&quot;which-ones-are-out-there&quot;&gt;Which ones are out there?&lt;&#x2F;h2&gt;
</content>
        
    </entry>
    <entry xml:lang="en">
        <title>First Blog</title>
        <published>2024-09-18T00:00:00+00:00</published>
        <updated>2024-09-18T00:00:00+00:00</updated>
        
        <author>
          <name>
            
              Unknown
            
          </name>
        </author>
        
        <link rel="alternate" type="text/html" href="https://pythontorust.netlify.app/blog/first-blog/"/>
        <id>https://pythontorust.netlify.app/blog/first-blog/</id>
        
        <content type="html" xml:base="https://pythontorust.netlify.app/blog/first-blog/">&lt;h1 id=&quot;placeholder&quot;&gt;Placeholder&lt;&#x2F;h1&gt;
&lt;p&gt;Actual blog on learning Rust as a Pythonista&lt;&#x2F;p&gt;
</content>
        
    </entry>
    <entry xml:lang="en">
        <title>Deploying a static website made with Zola to Netlify</title>
        <published>2024-09-18T00:00:00+00:00</published>
        <updated>2024-09-18T00:00:00+00:00</updated>
        
        <author>
          <name>
            
              Unknown
            
          </name>
        </author>
        
        <link rel="alternate" type="text/html" href="https://pythontorust.netlify.app/blog/setup/deploying/"/>
        <id>https://pythontorust.netlify.app/blog/setup/deploying/</id>
        
        <content type="html" xml:base="https://pythontorust.netlify.app/blog/setup/deploying/">&lt;h1 id=&quot;deployment&quot;&gt;Deployment&lt;&#x2F;h1&gt;
&lt;p&gt;For my previous personal website, &lt;a href=&quot;http:&#x2F;&#x2F;peterverheijen.nl&quot;&gt;peterverheijen.nl&lt;&#x2F;a&gt;, I used an S3 bucket to deploy my Hugo-based blog. This time, I’m interested in exploring other popular deployment options, such as Netlify and Vercel. However, after reading &lt;a href=&quot;https:&#x2F;&#x2F;github.com&#x2F;orgs&#x2F;vercel&#x2F;discussions&#x2F;3181&quot;&gt;this discussion&lt;&#x2F;a&gt;, it appears there are some current issues with Vercel. Therefore, I’ll be giving Netlify a try instead.&lt;&#x2F;p&gt;
&lt;h2 id=&quot;netlify&quot;&gt;Netlify&lt;&#x2F;h2&gt;
&lt;p&gt;[Expand this section with your experience using Netlify, how the deployment went, and any other relevant details.]&lt;&#x2F;p&gt;
&lt;p&gt;Link for setting up a custom domain
https:&#x2F;&#x2F;docs.netlify.com&#x2F;domains-https&#x2F;custom-domains&#x2F;&lt;&#x2F;p&gt;
</content>
        
    </entry>
    <entry xml:lang="en">
        <title>Getting started with Rust and Zola</title>
        <published>2024-09-17T00:00:00+00:00</published>
        <updated>2024-09-17T00:00:00+00:00</updated>
        
        <author>
          <name>
            
              Unknown
            
          </name>
        </author>
        
        <link rel="alternate" type="text/html" href="https://pythontorust.netlify.app/blog/setup/getting-started/"/>
        <id>https://pythontorust.netlify.app/blog/setup/getting-started/</id>
        
        <content type="html" xml:base="https://pythontorust.netlify.app/blog/setup/getting-started/">&lt;h1 id=&quot;let-s-install-rust&quot;&gt;Let’s install Rust&lt;&#x2F;h1&gt;
&lt;p&gt;I’m currently on a Windows machine (64 bit) and I just installed the appropriate version of rust on &lt;a href=&quot;https:&#x2F;&#x2F;www.rust-lang.org&#x2F;tools&#x2F;install&quot;&gt;this&lt;&#x2F;a&gt; website.&lt;&#x2F;p&gt;
&lt;p&gt;After reading the website I’ve learned that running this command  updates your rust version.&lt;&#x2F;p&gt;
&lt;pre data-lang=&quot;bash&quot; style=&quot;background-color:#2e3440;color:#d8dee9;&quot; class=&quot;language-bash &quot;&gt;&lt;code class=&quot;language-bash&quot; data-lang=&quot;bash&quot;&gt;&lt;span style=&quot;color:#88c0d0;&quot;&gt;rustup&lt;&#x2F;span&gt;&lt;span&gt; update
&lt;&#x2F;span&gt;&lt;&#x2F;code&gt;&lt;&#x2F;pre&gt;
&lt;p&gt;It also mentions that there’s a 6 week rapid release process.&lt;&#x2F;p&gt;
&lt;p&gt;Lets verify if Rust is installed properly by running the following command:&lt;&#x2F;p&gt;
&lt;pre data-lang=&quot;bash&quot; style=&quot;background-color:#2e3440;color:#d8dee9;&quot; class=&quot;language-bash &quot;&gt;&lt;code class=&quot;language-bash&quot; data-lang=&quot;bash&quot;&gt;&lt;span style=&quot;color:#88c0d0;&quot;&gt;rustc&lt;&#x2F;span&gt;&lt;span&gt; --version
&lt;&#x2F;span&gt;&lt;&#x2F;code&gt;&lt;&#x2F;pre&gt;
&lt;p&gt;Rust seems to have been installed properly.&lt;&#x2F;p&gt;
&lt;p&gt;&lt;img src=&quot;..&#x2F;..&#x2F;rust-installed.JPG&quot; alt=&quot;Rust version call works in Git Bash text&quot; &#x2F;&gt;&lt;&#x2F;p&gt;
&lt;p&gt;Apparently you can also uninstall rust in the CLI b y running:&lt;&#x2F;p&gt;
&lt;pre data-lang=&quot;bash&quot; style=&quot;background-color:#2e3440;color:#d8dee9;&quot; class=&quot;language-bash &quot;&gt;&lt;code class=&quot;language-bash&quot; data-lang=&quot;bash&quot;&gt;&lt;span style=&quot;color:#88c0d0;&quot;&gt;rustup&lt;&#x2F;span&gt;&lt;span&gt; self uninstall
&lt;&#x2F;span&gt;&lt;&#x2F;code&gt;&lt;&#x2F;pre&gt;
&lt;p&gt;Quoting the website: &lt;em&gt;In the Rust development environment, all tools are installed to the ~&#x2F;.cargo&#x2F;bin directory, and this is where you will find the Rust toolchain, including rustc, cargo, and rustup.&lt;&#x2F;em&gt;&lt;&#x2F;p&gt;
&lt;h1 id=&quot;setting-up-a-static-website&quot;&gt;Setting up a Static Website&lt;&#x2F;h1&gt;
&lt;p&gt;To host my articles, I’ve decided to set up a static website. Since I’m learning Rust, I want to use it in this process to familiarize myself with the language. In the past, I’ve used &lt;a href=&quot;https:&#x2F;&#x2F;gohugo.io&#x2F;&quot;&gt;Hugo&lt;&#x2F;a&gt; (which runs on &lt;a href=&quot;https:&#x2F;&#x2F;go.dev&#x2F;&quot;&gt;Golang&lt;&#x2F;a&gt;), but this time I’m opting for something Rust-based.&lt;&#x2F;p&gt;
&lt;h2 id=&quot;a-static-website-framework&quot;&gt;A Static Website Framework&lt;&#x2F;h2&gt;
&lt;p&gt;I’m somewhat familiar with the &lt;a href=&quot;https:&#x2F;&#x2F;jamstack.org&#x2F;&quot;&gt;JAMstack&lt;&#x2F;a&gt;, which stands for JavaScript, APIs, and Markdown—a concept that gained popularity through platforms like Netlify. The idea of static website is appealing. It’s an easy and cheap way to deploy a simple website such as a blog.&lt;&#x2F;p&gt;
&lt;p&gt;After some research, I found &lt;strong&gt;Zola&lt;&#x2F;strong&gt;, a static site generator written in Rust, which seems to be the equivalent of Hugo for Rust users.&lt;&#x2F;p&gt;
&lt;h1 id=&quot;installing-zola-on-windows&quot;&gt;Installing Zola on Windows&lt;&#x2F;h1&gt;
&lt;p&gt;Following &lt;a href=&quot;https:&#x2F;&#x2F;www.getzola.org&#x2F;documentation&#x2F;getting-started&#x2F;installation&#x2F;&quot;&gt;this&lt;&#x2F;a&gt; website, I followed the Windows installation instructions using Chocolatey.&lt;&#x2F;p&gt;
&lt;p&gt;Small sidenote: I did have to run Git Bash as administrator in order to get it to install.&lt;&#x2F;p&gt;
&lt;h2 id=&quot;starting-a-new-project-with-zola&quot;&gt;Starting a new project with Zola&lt;&#x2F;h2&gt;
&lt;pre data-lang=&quot;bash&quot; style=&quot;background-color:#2e3440;color:#d8dee9;&quot; class=&quot;language-bash &quot;&gt;&lt;code class=&quot;language-bash&quot; data-lang=&quot;bash&quot;&gt;&lt;span style=&quot;color:#88c0d0;&quot;&gt;zola&lt;&#x2F;span&gt;&lt;span&gt; init PythonToRust
&lt;&#x2F;span&gt;&lt;&#x2F;code&gt;&lt;&#x2F;pre&gt;
</content>
        
    </entry>
    <entry xml:lang="en">
        <title>Starting a blog for learning Rust coming from Python</title>
        <published>2024-09-16T00:00:00+00:00</published>
        <updated>2024-09-16T00:00:00+00:00</updated>
        
        <author>
          <name>
            
              Unknown
            
          </name>
        </author>
        
        <link rel="alternate" type="text/html" href="https://pythontorust.netlify.app/blog/setup/starting-a-blog/"/>
        <id>https://pythontorust.netlify.app/blog/setup/starting-a-blog/</id>
        
        <content type="html" xml:base="https://pythontorust.netlify.app/blog/setup/starting-a-blog/">&lt;h1 id=&quot;from-python-to-rust&quot;&gt;From Python to Rust&lt;&#x2F;h1&gt;
&lt;p&gt;Coming from a Python background, I’ve decided to dive into learning Rust. To document my journey and potentially help others along the way, I’m starting this blog. My goal is to explore the basics of Rust and compare them to how similar concepts are handled in Python. But before we jump into Rust, I’d like to share a bit of my background and how I got to this point.&lt;&#x2F;p&gt;
&lt;h2 id=&quot;a-new-beginning-starting-with-rust&quot;&gt;A New Beginning: Starting with Rust&lt;&#x2F;h2&gt;
&lt;p&gt;At &lt;a href=&quot;https:&#x2F;&#x2F;tmnl.nl&#x2F;&quot;&gt;Transaction Monitoring Netherlands&lt;&#x2F;a&gt;, I had the opportunity to explore a rather new programming language: &lt;a href=&quot;https:&#x2F;&#x2F;www.rust-lang.org&#x2F;&quot;&gt;Rust&lt;&#x2F;a&gt;. I worked alongside talented colleagues like &lt;a href=&quot;https:&#x2F;&#x2F;www.linkedin.com&#x2F;in&#x2F;954alberto&#x2F;&quot;&gt;Alberto Rodríguez&lt;&#x2F;a&gt;, &lt;a href=&quot;https:&#x2F;&#x2F;www.linkedin.com&#x2F;in&#x2F;rodrigoleven&#x2F;&quot;&gt;Rodrigo Alvaro Diaz Leven&lt;&#x2F;a&gt;, and &lt;a href=&quot;https:&#x2F;&#x2F;www.linkedin.com&#x2F;in&#x2F;denis-dallinga-75850a59&#x2F;&quot;&gt;Denis Dallinga&lt;&#x2F;a&gt; on a pet project. During some pair programming sessions with Alberto, I was introduced to Rust’s data manipulation capabilities, and whilst doing so I came across the &lt;a href=&quot;https:&#x2F;&#x2F;pola.rs&#x2F;&quot;&gt;Polars&lt;&#x2F;a&gt; library. This sparked my interest and is a large part of my motivation to learn about Rust and how it’s being used within the Python ecosystem.&lt;&#x2F;p&gt;
&lt;h2 id=&quot;where-it-all-began&quot;&gt;Where It All Began&lt;&#x2F;h2&gt;
&lt;p&gt;I had been interested in programming for a while, but it all really kicked off when I joined a program created by two students at Erasmus University Rotterdam. They founded an organization called Turing Society to provide students like me with an opportunity to learn coding. The two founders, Teodor N. Cătăniciu and Tomas Moska, have both made a profound and positive impact on my life.&lt;&#x2F;p&gt;
&lt;h3 id=&quot;teodor-n-cataniciu&quot;&gt;Teodor N. Cătăniciu&lt;&#x2F;h3&gt;
&lt;p&gt;&lt;a href=&quot;https:&#x2F;&#x2F;www.linkedin.com&#x2F;in&#x2F;cataniciu&#x2F;&quot;&gt;Teodor&lt;&#x2F;a&gt; returned from a coding bootcamp in San Francisco with a mission: to give others access to the same experience without the hefty price tag. Along with Tomas Moska, he founded Turing Society to achieve just that.&lt;&#x2F;p&gt;
&lt;p&gt;Teodor later went on to found Restart Network, a non-profit organization based in Rotterdam. Restart Network worked to promote inclusion and diversity in the European tech industry through a new model of education called “The Crowdsourced School.” It provided a physical space where individuals from refugee, low-income, and minority backgrounds could transform their lives. The organization helped over 100 people from nearly 40 countries restart their careers in tech.&lt;&#x2F;p&gt;
&lt;h3 id=&quot;tomas-moska&quot;&gt;Tomas Moska&lt;&#x2F;h3&gt;
&lt;p&gt;&lt;a href=&quot;https:&#x2F;&#x2F;www.linkedin.com&#x2F;in&#x2F;alanturing&#x2F;&quot;&gt;Tomas&lt;&#x2F;a&gt; was the first CTO of &lt;a href=&quot;https:&#x2F;&#x2F;dashmote.com&#x2F;&quot;&gt;Dashmote&lt;&#x2F;a&gt;, as far as I recall. Later, he went on to co-found &lt;a href=&quot;https:&#x2F;&#x2F;www.turingcollege.com&#x2F;&quot;&gt;Turing College&lt;&#x2F;a&gt;, an online AI school designed for busy professionals. As an affiliated college of Woolf, a higher education institution in the European Union, Turing College offers world-class programs taught by Google-level engineers and Cambridge University PhDs. Turing College was also part of the &lt;a href=&quot;https:&#x2F;&#x2F;www.ycombinator.com&#x2F;companies?batch=W21&quot;&gt;Y Combinator W21 batch&lt;&#x2F;a&gt;.&lt;&#x2F;p&gt;
&lt;h2 id=&quot;humble-beginnings&quot;&gt;Humble beginnings&lt;&#x2F;h2&gt;
&lt;p&gt;During the programme, I started out learning front-end basics such as HTML, JavaScript, CSS and jQuery. Later on we moved to back-end basics with PHP as a backend language, API’s and databases. This all came together as the LAMP stack (old but gold). During my studies I got started with Matlab and R, later on I moved to Python and this has been my go to ever since. Python really is a multi-functional programming language. From webdevelopment with Django and Flask to Data Science and Machine Learning with popular frameworks such as scikit-learn, PyTorch and TensorFlow.&lt;&#x2F;p&gt;
&lt;h2 id=&quot;turing-society-2016&quot;&gt;Turing Society 2016&lt;&#x2F;h2&gt;
&lt;p&gt;I still have an old photo on my LinkedIn from the 2016 Turing Society group.&lt;&#x2F;p&gt;
&lt;p&gt;&lt;img src=&quot;..&#x2F;..&#x2F;turing-society-2016.JPG&quot; alt=&quot;Turing Society: Class of 2016&quot; &#x2F;&gt;&lt;&#x2F;p&gt;
&lt;h1 id=&quot;enough-reminiscing-time-for-something-new&quot;&gt;Enough reminiscing, time for something new&lt;&#x2F;h1&gt;
&lt;p&gt;I’ve played with other programming languages such as Go and I’ve tried some cool things in Python such as Cython, but I feel that I’m up for a new challenge. I’ve seen some cool projects where people use Rust and &lt;a href=&quot;https:&#x2F;&#x2F;github.com&#x2F;PyO3&#x2F;pyo3&quot;&gt;Rust in Python&lt;&#x2F;a&gt;. I’ve decided to start learning Rust and this is the main topic of this blog (for now).&lt;&#x2F;p&gt;
</content>
        
    </entry>
</feed>
